profile,attempt,phase,recommended_method,recommended_label,selected_method,method_label,exercise_id,skill_id,correct,response_time_ms,p_l_after,method_q,method_uses
visual_fuerte,1,exploración,,,M1_visual,Visual,ex_vocal_a_001,vocal_a,1,5175,0.648,1.0,1
visual_fuerte,2,exploración,,,M1_visual,Visual,ex_vocal_e_001,vocal_e,1,1579,0.6207,1.0,2
visual_fuerte,3,exploración,,,M1_visual,Visual,ex_vocal_i_001,vocal_i,1,3740,0.648,1.0,3
visual_fuerte,4,exploración,,,M4_fonetico,Fonético,ex_vocal_o_002,vocal_o,1,2647,0.648,1.0,1
visual_fuerte,5,exploración,,,M4_fonetico,Fonético,ex_vocal_u_002,vocal_u,1,2839,0.648,1.0,2
visual_fuerte,6,exploración,,,M4_fonetico,Fonético,ex_vocal_e_002,vocal_e,1,5412,0.882,1.0,3
visual_fuerte,7,personalización,M1_visual,Visual,M1_visual,Visual,ex_vocal_o_001,vocal_o,1,5708,0.9052,1.0,4
visual_fuerte,8,personalización,M1_visual,Visual,M1_visual,Visual,ex_vocal_u_001,vocal_u,0,4719,0.2846,0.83,5
visual_fuerte,9,personalización,M4_fonetico,Fonético,M4_fonetico,Fonético,ex_vocal_a_002,vocal_a,0,7345,0.2846,0.75,4
visual_fuerte,10,personalización,M1_visual,Visual,M1_visual,Visual,ex_vocal_a_001,vocal_a,1,3755,0.6846,0.8583,6
visual_fuerte,11,exploración controlada,M1_visual,Visual,M4_fonetico,Fonético,ex_vocal_i_002,vocal_i,1,1995,0.9059,0.8,5
visual_fuerte,12,personalización,M1_visual,Visual,M1_visual,Visual,ex_vocal_u_001,vocal_u,1,3634,0.6846,0.8786,7
visual_fuerte,13,personalización,M1_visual,Visual,M1_visual,Visual,ex_vocal_a_001,vocal_a,0,3265,0.3078,0.7875,8
visual_fuerte,14,personalización,M4_fonetico,Fonético,M4_fonetico,Fonético,ex_vocal_a_002,vocal_a,0,7496,0.1663,0.6667,6
visual_fuerte,15,exploración controlada,M1_visual,Visual,M1_visual,Visual,ex_vocal_a_001,vocal_a,0,7954,0.1414,0.7,9
visual_fuerte,16,personalización,M1_visual,Visual,M1_visual,Visual,ex_vocal_a_001,vocal_a,1,4318,0.4946,0.73,10
visual_fuerte,17,personalización,M1_visual,Visual,M1_visual,Visual,ex_vocal_a_001,vocal_a,0,5559,0.2159,0.6773,11
visual_fuerte,18,exploración controlada,M1_visual,Visual,M4_fonetico,Fonético,ex_vocal_a_002,vocal_a,1,5543,0.607,0.7143,7
visual_fuerte,19,personalización,M4_fonetico,Fonético,M4_fonetico,Fonético,ex_vocal_a_002,vocal_a,0,5876,0.2624,0.6438,8
visual_fuerte,20,personalización,M1_visual,Visual,M1_visual,Visual,ex_vocal_a_001,vocal_a,1,4025,0.6617,0.7042,12
visual_fuerte,21,personalización,M1_visual,Visual,M1_visual,Visual,ex_vocal_a_001,vocal_a,1,2887,0.9102,0.7269,13
visual_fuerte,22,personalización,M1_visual,Visual,M1_visual,Visual,ex_vocal_u_001,vocal_u,1,3722,0.9183,0.7464,14
visual_fuerte,23,exploración controlada,M1_visual,Visual,M4_fonetico,Fonético,ex_vocal_e_002,vocal_e,1,3012,0.9711,0.6833,9
visual_fuerte,24,personalización,M1_visual,Visual,M1_visual,Visual,ex_vocal_o_001,vocal_o,1,6295,0.98,0.7633,15
visual_fuerte,25,personalización,M1_visual,Visual,M1_visual,Visual,ex_vocal_i_001,vocal_i,1,3487,0.98,0.7781,16
visual_fuerte,26,personalización,M1_visual,Visual,M1_visual,Visual,ex_vocal_a_001,vocal_a,1,5207,0.98,0.7912,17
visual_fuerte,27,personalización,M1_visual,Visual,M1_visual,Visual,ex_vocal_u_001,vocal_u,1,7082,0.98,0.8028,18
visual_fuerte,28,exploración controlada,M1_visual,Visual,M4_fonetico,Fonético,ex_vocal_e_002,vocal_e,1,5669,0.98,0.715,10
visual_fuerte,29,personalización,M1_visual,Visual,M1_visual,Visual,ex_vocal_o_001,vocal_o,1,2736,0.98,0.8132,19
visual_fuerte,30,exploración controlada,M1_visual,Visual,M4_fonetico,Fonético,ex_vocal_a_002,vocal_a,0,7921,0.8765,0.65,11
visual_fuerte,31,personalización,M1_visual,Visual,M1_visual,Visual,ex_vocal_a_001,vocal_a,1,4194,0.9733,0.8225,20
visual_fuerte,32,personalización,M1_visual,Visual,M1_visual,Visual,ex_vocal_a_001,vocal_a,1,4828,0.98,0.831,21
visual_fuerte,33,exploración controlada,M1_visual,Visual,M4_fonetico,Fonético,ex_vocal_a_002,vocal_a,0,7736,0.8765,0.5958,12
visual_fuerte,34,exploración controlada,M1_visual,Visual,M1_visual,Visual,ex_vocal_a_001,vocal_a,1,1872,0.9735,0.8386,22
visual_fuerte,35,exploración controlada,M1_visual,Visual,M1_visual,Visual,ex_vocal_a_001,vocal_a,1,4476,0.98,0.8457,23
visual_fuerte,36,personalización,M1_visual,Visual,M1_visual,Visual,ex_vocal_a_001,vocal_a,1,2116,0.98,0.8521,24
visual_fuerte,37,personalización,M1_visual,Visual,M1_visual,Visual,ex_vocal_a_001,vocal_a,1,3664,0.98,0.858,25
visual_fuerte,38,personalización,M1_visual,Visual,M1_visual,Visual,ex_vocal_a_001,vocal_a,1,3581,0.98,0.8635,26
visual_fuerte,39,personalización,M1_visual,Visual,M1_visual,Visual,ex_vocal_a_001,vocal_a,1,4000,0.98,0.8685,27
visual_fuerte,40,personalización,M1_visual,Visual,M1_visual,Visual,ex_vocal_a_001,vocal_a,1,2945,0.98,0.8732,28
fonetico_fuerte,1,exploración,,,M1_visual,Visual,ex_vocal_a_001,vocal_a,0,5711,0.1552,0.15,1
fonetico_fuerte,2,exploración,,,M1_visual,Visual,ex_vocal_e_001,vocal_e,0,6782,0.1552,0.075,2
fonetico_fuerte,3,exploración,,,M1_visual,Visual,ex_vocal_i_001,vocal_i,0,7026,0.1552,0.05,3
fonetico_fuerte,4,exploración,,,M4_fonetico,Fonético,ex_vocal_a_002,vocal_a,1,5154,0.5183,1.0,1
fonetico_fuerte,5,exploración,,,M4_fonetico,Fonético,ex_vocal_e_002,vocal_e,1,5988,0.5183,1.0,2
fonetico_fuerte,6,exploración,,,M4_fonetico,Fonético,ex_vocal_i_002,vocal_i,1,4522,0.5183,1.0,3
fonetico_fuerte,7,personalización,M4_fonetico,Fonético,M4_fonetico,Fonético,ex_vocal_o_002,vocal_o,0,6213,0.1552,0.75,4
fonetico_fuerte,8,exploración controlada,M4_fonetico,Fonético,M4_fonetico,Fonético,ex_vocal_u_002,vocal_u,1,5472,0.648,0.8,5
fonetico_fuerte,9,personalización,M4_fonetico,Fonético,M4_fonetico,Fonético,ex_vocal_o_002,vocal_o,1,6044,0.5183,0.8333,6
fonetico_fuerte,10,personalización,M4_fonetico,Fonético,M4_fonetico,Fonético,ex_vocal_a_002,vocal_a,1,4177,0.8493,0.8571,7
fonetico_fuerte,11,personalización,M4_fonetico,Fonético,M4_fonetico,Fonético,ex_vocal_e_002,vocal_e,1,3489,0.8493,0.875,8
fonetico_fuerte,12,personalización,M4_fonetico,Fonético,M4_fonetico,Fonético,ex_vocal_i_002,vocal_i,1,4095,0.8493,0.8889,9
fonetico_fuerte,13,personalización,M4_fonetico,Fonético,M4_fonetico,Fonético,ex_vocal_o_002,vocal_o,1,2972,0.8493,0.9,10
fonetico_fuerte,14,personalización,M4_fonetico,Fonético,M4_fonetico,Fonético,ex_vocal_u_002,vocal_u,1,4637,0.9052,0.9091,11
fonetico_fuerte,15,personalización,M4_fonetico,Fonético,M4_fonetico,Fonético,ex_vocal_a_002,vocal_a,1,6252,0.9666,0.9167,12
fonetico_fuerte,16,personalización,M4_fonetico,Fonético,M4_fonetico,Fonético,ex_vocal_e_002,vocal_e,1,4042,0.9666,0.9231,13
fonetico_fuerte,17,personalización,M4_fonetico,Fonético,M4_fonetico,Fonético,ex_vocal_i_002,vocal_i,1,2505,0.9666,0.9286,14
fonetico_fuerte,18,personalización,M4_fonetico,Fonético,M4_fonetico,Fonético,ex_vocal_o_002,vocal_o,1,4011,0.9666,0.9333,15
fonetico_fuerte,19,exploración controlada,M4_fonetico,Fonético,M4_fonetico,Fonético,ex_vocal_u_002,vocal_u,1,4700,0.98,0.9375,16
fonetico_fuerte,20,exploración controlada,M4_fonetico,Fonético,M4_fonetico,Fonético,ex_vocal_a_002,vocal_a,1,4178,0.98,0.9412,17
fonetico_fuerte,21,personalización,M4_fonetico,Fonético,M4_fonetico,Fonético,ex_vocal_e_002,vocal_e,1,4245,0.98,0.9444,18
fonetico_fuerte,22,personalización,M4_fonetico,Fonético,M4_fonetico,Fonético,ex_vocal_i_002,vocal_i,1,3421,0.98,0.9474,19
fonetico_fuerte,23,personalización,M4_fonetico,Fonético,M4_fonetico,Fonético,ex_vocal_o_002,vocal_o,1,5478,0.98,0.95,20
fonetico_fuerte,24,personalización,M4_fonetico,Fonético,M4_fonetico,Fonético,ex_vocal_u_002,vocal_u,1,4690,0.98,0.9524,21
fonetico_fuerte,25,personalización,M4_fonetico,Fonético,M4_fonetico,Fonético,ex_vocal_a_002,vocal_a,1,2240,0.98,0.9545,22
fonetico_fuerte,26,exploración controlada,M4_fonetico,Fonético,M4_fonetico,Fonético,ex_vocal_a_002,vocal_a,1,3647,0.98,0.9565,23
fonetico_fuerte,27,personalización,M4_fonetico,Fonético,M4_fonetico,Fonético,ex_vocal_a_002,vocal_a,1,3214,0.98,0.9583,24
fonetico_fuerte,28,exploración controlada,M4_fonetico,Fonético,M4_fonetico,Fonético,ex_vocal_a_002,vocal_a,1,5768,0.98,0.96,25
fonetico_fuerte,29,personalización,M4_fonetico,Fonético,M4_fonetico,Fonético,ex_vocal_a_002,vocal_a,1,3768,0.98,0.9615,26
fonetico_fuerte,30,personalización,M4_fonetico,Fonético,M4_fonetico,Fonético,ex_vocal_a_002,vocal_a,1,5093,0.98,0.963,27
fonetico_fuerte,31,personalización,M4_fonetico,Fonético,M4_fonetico,Fonético,ex_vocal_a_002,vocal_a,1,4791,0.98,0.9643,28
fonetico_fuerte,32,personalización,M4_fonetico,Fonético,M4_fonetico,Fonético,ex_vocal_a_002,vocal_a,1,4788,0.98,0.9655,29
fonetico_fuerte,33,personalización,M4_fonetico,Fonético,M4_fonetico,Fonético,ex_vocal_a_002,vocal_a,1,4919,0.98,0.9667,30
fonetico_fuerte,34,personalización,M4_fonetico,Fonético,M4_fonetico,Fonético,ex_vocal_a_002,vocal_a,1,7292,0.98,0.9677,31
fonetico_fuerte,35,personalización,M4_fonetico,Fonético,M4_fonetico,Fonético,ex_vocal_a_002,vocal_a,1,3126,0.98,0.9687,32
fonetico_fuerte,36,personalización,M4_fonetico,Fonético,M4_fonetico,Fonético,ex_vocal_a_002,vocal_a,1,4008,0.98,0.9697,33
fonetico_fuerte,37,personalización,M4_fonetico,Fonético,M4_fonetico,Fonético,ex_vocal_a_002,vocal_a,1,4896,0.98,0.9706,34
fonetico_fuerte,38,personalización,M4_fonetico,Fonético,M4_fonetico,Fonético,ex_vocal_a_002,vocal_a,1,5369,0.98,0.9714,35
fonetico_fuerte,39,exploración controlada,M4_fonetico,Fonético,M1_visual,Visual,ex_vocal_o_001,vocal_o,0,5628,0.8765,0.075,4
fonetico_fuerte,40,personalización,M4_fonetico,Fonético,M4_fonetico,Fonético,ex_vocal_o_002,vocal_o,1,5039,0.9733,0.9722,36
balanceado,1,exploración,,,M1_visual,Visual,ex_vocal_a_001,vocal_a,0,6030,0.1552,0.0,1
balanceado,2,exploración,,,M1_visual,Visual,ex_vocal_e_001,vocal_e,0,7329,0.1552,0.0,2
balanceado,3,exploración,,,M1_visual,Visual,ex_vocal_i_001,vocal_i,0,7176,0.1552,0.0,3
balanceado,4,exploración,,,M4_fonetico,Fonético,ex_vocal_a_002,vocal_a,1,3335,0.5183,1.0,1
balanceado,5,exploración,,,M4_fonetico,Fonético,ex_vocal_e_002,vocal_e,1,4247,0.5183,1.0,2
balanceado,6,exploración,,,M4_fonetico,Fonético,ex_vocal_i_002,vocal_i,1,4321,0.5183,1.0,3
balanceado,7,personalización,M4_fonetico,Fonético,M4_fonetico,Fonético,ex_vocal_o_002,vocal_o,1,5024,0.648,1.0,4
balanceado,8,personalización,M4_fonetico,Fonético,M4_fonetico,Fonético,ex_vocal_u_002,vocal_u,0,6214,0.1552,0.8,5
balanceado,9,personalización,M4_fonetico,Fonético,M4_fonetico,Fonético,ex_vocal_u_002,vocal_u,1,4282,0.5183,0.8333,6
balanceado,10,exploración controlada,M4_fonetico,Fonético,M4_fonetico,Fonético,ex_vocal_a_002,vocal_a,0,5934,0.2243,0.7357,7
balanceado,11,personalización,M4_fonetico,Fonético,M4_fonetico,Fonético,ex_vocal_a_002,vocal_a,0,8064,0.1507,0.6438,8
balanceado,12,personalización,M4_fonetico,Fonético,M4_fonetico,Fonético,ex_vocal_a_002,vocal_a,1,3576,0.5107,0.6833,9
balanceado,13,exploración controlada,M4_fonetico,Fonético,M4_fonetico,Fonético,ex_vocal_a_002,vocal_a,0,5822,0.2216,0.63,10
balanceado,14,personalización,M4_fonetico,Fonético,M4_fonetico,Fonético,ex_vocal_a_002,vocal_a,1,2638,0.6142,0.6636,11
balanceado,15,personalización,M4_fonetico,Fonético,M4_fonetico,Fonético,ex_vocal_e_002,vocal_e,0,7526,0.2243,0.6083,12
balanceado,16,personalización,M4_fonetico,Fonético,M4_fonetico,Fonético,ex_vocal_e_002,vocal_e,1,3202,0.6176,0.6385,13
balanceado,17,personalización,M4_fonetico,Fonético,M4_fonetico,Fonético,ex_vocal_i_002,vocal_i,0,7176,0.2243,0.5929,14
balanceado,18,personalización,M4_fonetico,Fonético,M4_fonetico,Fonético,ex_vocal_i_002,vocal_i,1,5117,0.6176,0.62,15
balanceado,19,personalización,M4_fonetico,Fonético,M4_fonetico,Fonético,ex_vocal_u_002,vocal_u,1,3047,0.8493,0.6438,16
balanceado,20,personalización,M4_fonetico,Fonético,M4_fonetico,Fonético,ex_vocal_a_002,vocal_a,1,4257,0.8922,0.6647,17
balanceado,21,exploración controlada,M4_fonetico,Fonético,M1_visual,Visual,ex_vocal_o_001,vocal_o,0,6909,0.2846,0.0,4
balanceado,22,personalización,M4_fonetico,Fonético,M4_fonetico,Fonético,ex_vocal_o_002,vocal_o,1,3438,0.6846,0.6833,18
balanceado,23,exploración controlada,M4_fonetico,Fonético,M4_fonetico,Fonético,ex_vocal_e_002,vocal_e,0,7095,0.2678,0.6474,19
balanceado,24,personalización,M4_fonetico,Fonético,M4_fonetico,Fonético,ex_vocal_e_002,vocal_e,1,5746,0.6674,0.665,20
balanceado,25,personalización,M4_fonetico,Fonético,M4_fonetico,Fonético,ex_vocal_i_002,vocal_i,0,7421,0.2678,0.6333,21
balanceado,26,personalización,M4_fonetico,Fonético,M4_fonetico,Fonético,ex_vocal_i_002,vocal_i,1,1647,0.6405,0.65,22
balanceado,27,personalización,M4_fonetico,Fonético,M4_fonetico,Fonético,ex_vocal_i_002,vocal_i,1,5558,0.8904,0.6652,23
balanceado,28,personalización,M4_fonetico,Fonético,M4_fonetico,Fonético,ex_vocal_e_002,vocal_e,1,2899,0.9123,0.6792,24
balanceado,29,personalización,M4_fonetico,Fonético,M4_fonetico,Fonético,ex_vocal_o_002,vocal_o,0,6613,0.3078,0.652,25
balanceado,30,exploración controlada,M4_fonetico,Fonético,M1_visual,Visual,ex_vocal_u_001,vocal_u,0,6138,0.4838,0.0,5
balanceado,31,exploración controlada,M4_fonetico,Fonético,M4_fonetico,Fonético,ex_vocal_o_002,vocal_o,1,3092,0.7068,0.6654,26
balanceado,32,exploración controlada,M4_fonetico,Fonético,M4_fonetico,Fonético,ex_vocal_u_002,vocal_u,1,4388,0.8313,0.6778,27
balanceado,33,exploración controlada,M4_fonetico,Fonético,M4_fonetico,Fonético,ex_vocal_o_002,vocal_o,1,5421,0.9257,0.6893,28
balanceado,34,personalización,M4_fonetico,Fonético,M4_fonetico,Fonético,ex_vocal_u_002,vocal_u,1,4435,0.962,0.7,29
balanceado,35,personalización,M4_fonetico,Fonético,M4_fonetico,Fonético,ex_vocal_i_002,vocal_i,1,3761,0.9733,0.71,30
balanceado,36,personalización,M4_fonetico,Fonético,M4_fonetico,Fonético,ex_vocal_a_002,vocal_a,1,4370,0.977,0.7194,31
balanceado,37,personalización,M4_fonetico,Fonético,M4_fonetico,Fonético,ex_vocal_e_002,vocal_e,1,3579,0.98,0.7281,32
balanceado,38,personalización,M4_fonetico,Fonético,M4_fonetico,Fonético,ex_vocal_o_002,vocal_o,0,7494,0.656,0.7061,33
balanceado,39,personalización,M4_fonetico,Fonético,M4_fonetico,Fonético,ex_vocal_o_002,vocal_o,1,1796,0.8967,0.7147,34
balanceado,40,personalización,M4_fonetico,Fonético,M4_fonetico,Fonético,ex_vocal_o_002,vocal_o,1,3666,0.975,0.7229,35
alta_variabilidad,1,exploración,,,M1_visual,Visual,ex_vocal_a_001,vocal_a,0,5324,0.1552,0.15,1
alta_variabilidad,2,exploración,,,M1_visual,Visual,ex_vocal_e_001,vocal_e,1,3678,0.648,0.575,2
alta_variabilidad,3,exploración,,,M1_visual,Visual,ex_vocal_i_001,vocal_i,0,7031,0.1552,0.3833,3
alta_variabilidad,4,exploración,,,M4_fonetico,Fonético,ex_vocal_a_002,vocal_a,1,4334,0.5183,1.0,1
alta_variabilidad,5,exploración,,,M4_fonetico,Fonético,ex_vocal_i_002,vocal_i,1,3695,0.5183,1.0,2
alta_variabilidad,6,exploración,,,M4_fonetico,Fonético,ex_vocal_o_002,vocal_o,1,5069,0.648,1.0,3
alta_variabilidad,7,exploración controlada,M4_fonetico,Fonético,M4_fonetico,Fonético,ex_vocal_u_002,vocal_u,1,4478,0.648,1.0,4
alta_variabilidad,8,personalización,M4_fonetico,Fonético,M4_fonetico,Fonético,ex_vocal_e_002,vocal_e,0,7471,0.2846,0.8,5
alta_variabilidad,9,personalización,M4_fonetico,Fonético,M4_fonetico,Fonético,ex_vocal_e_002,vocal_e,0,6326,0.1617,0.6667,6
alta_variabilidad,10,personalización,M4_fonetico,Fonético,M4_fonetico,Fonético,ex_vocal_e_002,vocal_e,1,4910,0.5289,0.7143,7
alta_variabilidad,11,personalización,M4_fonetico,Fonético,M4_fonetico,Fonético,ex_vocal_a_002,vocal_a,1,5131,0.8493,0.75,8
alta_variabilidad,12,personalización,M4_fonetico,Fonético,M4_fonetico,Fonético,ex_vocal_i_002,vocal_i,0,6923,0.2243,0.6667,9
alta_variabilidad,13,personalización,M4_fonetico,Fonético,M4_fonetico,Fonético,ex_vocal_i_002,vocal_i,0,7992,0.1507,0.6,10
alta_variabilidad,14,exploración controlada,M4_fonetico,Fonético,M1_visual,Visual,ex_vocal_o_001,vocal_o,1,5076,0.9052,0.5375,4
alta_variabilidad,15,exploración controlada,M4_fonetico,Fonético,M1_visual,Visual,ex_vocal_u_001,vocal_u,0,5449,0.2846,0.46,5
alta_variabilidad,16,personalización,M4_fonetico,Fonético,M4_fonetico,Fonético,ex_vocal_i_002,vocal_i,1,4618,0.5107,0.6364,11
alta_variabilidad,17,personalización,M4_fonetico,Fonético,M4_fonetico,Fonético,ex_vocal_u_002,vocal_u,1,3571,0.6846,0.6667,12
alta_variabilidad,18,personalización,M4_fonetico,Fonético,M4_fonetico,Fonético,ex_vocal_i_002,vocal_i,0,7125,0.2216,0.6154,13
alta_variabilidad,19,personalización,M4_fonetico,Fonético,M4_fonetico,Fonético,ex_vocal_i_002,vocal_i,1,4658,0.6142,0.6429,14
alta_variabilidad,20,personalización,M4_fonetico,Fonético,M4_fonetico,Fonético,ex_vocal_e_002,vocal_e,1,5008,0.8546,0.6667,15
alta_variabilidad,21,personalización,M4_fonetico,Fonético,M4_fonetico,Fonético,ex_vocal_i_002,vocal_i,1,5502,0.8922,0.6875,16
alta_variabilidad,22,exploración controlada,M4_fonetico,Fonético,M1_visual,Visual,ex_vocal_u_001,vocal_u,0,5861,0.3078,0.4083,6
alta_variabilidad,23,personalización,M4_fonetico,Fonético,M4_fonetico,Fonético,ex_vocal_u_002,vocal_u,1,4634,0.7068,0.7059,17
alta_variabilidad,24,personalización,M4_fonetico,Fonético,M4_fonetico,Fonético,ex_vocal_u_002,vocal_u,0,7690,0.3238,0.6667,18
alta_variabilidad,25,personalización,M4_fonetico,Fonético,M4_fonetico,Fonético,ex_vocal_u_002,vocal_u,1,4281,0.721,0.6842,19
alta_variabilidad,26,personalización,M4_fonetico,Fonético,M4_fonetico,Fonético,ex_vocal_u_002,vocal_u,1,2189,0.9308,0.7,20
alta_variabilidad,27,personalización,M4_fonetico,Fonético,M4_fonetico,Fonético,ex_vocal_a_002,vocal_a,1,3219,0.9666,0.7143,21
alta_variabilidad,28,personalización,M4_fonetico,Fonético,M4_fonetico,Fonético,ex_vocal_e_002,vocal_e,1,4188,0.9679,0.7273,22
alta_variabilidad,29,exploración controlada,M4_fonetico,Fonético,M1_visual,Visual,ex_vocal_i_001,vocal_i,0,6314,0.5675,0.35,7
alta_variabilidad,30,personalización,M4_fonetico,Fonético,M4_fonetico,Fonético,ex_vocal_i_002,vocal_i,0,5643,0.244,0.7022,23
alta_variabilidad,31,personalización,M4_fonetico,Fonético,M4_fonetico,Fonético,ex_vocal_i_002,vocal_i,1,3952,0.6411,0.7146,24
alta_variabilidad,32,personalización,M4_fonetico,Fonético,M4_fonetico,Fonético,ex_vocal_i_002,vocal_i,0,6817,0.2807,0.686,25
alta_variabilidad,33,personalización,M4_fonetico,Fonético,M4_fonetico,Fonético,ex_vocal_i_002,vocal_i,1,4252,0.6807,0.6981,26
alta_variabilidad,34,personalización,M4_fonetico,Fonético,M4_fonetico,Fonético,ex_vocal_i_002,vocal_i,0,7627,0.3051,0.6722,27
alta_variabilidad,35,personalización,M4_fonetico,Fonético,M4_fonetico,Fonético,ex_vocal_i_002,vocal_i,1,3912,0.7043,0.6839,28
alta_variabilidad,36,exploración controlada,M4_fonetico,Fonético,M1_visual,Visual,ex_vocal_i_001,vocal_i,0,6085,0.3219,0.3062,8
alta_variabilidad,37,personalización,M4_fonetico,Fonético,M4_fonetico,Fonético,ex_vocal_i_002,vocal_i,1,4476,0.7194,0.6948,29
alta_variabilidad,38,personalización,M4_fonetico,Fonético,M4_fonetico,Fonético,ex_vocal_i_002,vocal_i,1,5960,0.9298,0.705,30
alta_variabilidad,39,personalización,M4_fonetico,Fonético,M4_fonetico,Fonético,ex_vocal_o_002,vocal_o,0,6892,0.5989,0.6823,31
alta_variabilidad,40,personalización,M4_fonetico,Fonético,M4_fonetico,Fonético,ex_vocal_o_002,vocal_o,1,5324,0.886,0.6922,32
